{
    "5fc1833e-3993-49a8-8970-87ad09b61dff": {
        "player_id": "5fc1833e-3993-49a8-8970-87ad09b61dff",
        "player_name": "Player F",
        "total_shots": 312,
        "overall_shooting_average": 0.4610169491525424,
        "overall_assist_rate": 0.21153846153846154,
        "overall_fouled_rate": 0.07371794871794872,
        "overall_contested_rate": 0.8653846153846154,
        "overall_blocked_rate": 0.05128205128205128,
        "two_point_rates": {
            "success_rate": 0.5486111111111112,
            "usage_rate": 0.5128205128205128,
            "assisted_rate": 0.20625,
            "fouled_rate": 0.1375,
            "blocked_rate": 0.09375
        },
        "three_point_rates": {
            "success_rate": 0.37748344370860926,
            "usage_rate": 0.48717948717948717,
            "assisted_rate": 0.21710526315789475,
            "fouled_rate": 0.006578947368421052,
            "blocked_rate": 0.006578947368421052
        },
        "paint_rates": {
            "success_rate": 0.6039603960396039,
            "usage_rate": 0.3685897435897436,
            "assisted_rate": 0.19130434782608696,
            "fouled_rate": 0.17391304347826086,
            "blocked_rate": 0.12173913043478261
        },
        "catch_and_shoot_rates": {
            "success_rate": 0.4305555555555556,
            "usage_rate": 0.23717948717948717,
            "assisted_rate": 0.3918918918918919,
            "fouled_rate": 0.02702702702702703,
            "blocked_rate": 0
        },
        "late_shot_clock_rates": {
            "success_rate": 0.3902439024390244,
            "usage_rate": 0.13782051282051283,
            "assisted_rate": 0.18604651162790697,
            "fouled_rate": 0.06976744186046512,
            "blocked_rate": 0.06976744186046512
        },
        "late_game_clock_rates": {
            "success_rate": 0.40789473684210525,
            "usage_rate": 0.25961538461538464,
            "assisted_rate": 0.19753086419753085,
            "fouled_rate": 0.07407407407407407,
            "blocked_rate": 0.06172839506172839
        },
        "contest_level_rates": {
            "uncontested": {
                "success_rate": 0.5476190476190477,
                "usage_rate": 0.1346153846153846,
                "assisted_rate": 0.38095238095238093,
                "fouled_rate": 0,
                "blocked_rate": 0
            },
            "lightly_contested": {
                "success_rate": 0.46218487394957986,
                "usage_rate": 0.3942307692307692,
                "assisted_rate": 0.24390243902439024,
                "fouled_rate": 0.04878048780487805,
                "blocked_rate": 0.008130081300813009
            },
            "heavily_contested": {
                "success_rate": 0.43283582089552236,
                "usage_rate": 0.47115384615384615,
                "assisted_rate": 0.1360544217687075,
                "fouled_rate": 0.11564625850340136,
                "blocked_rate": 0.10204081632653061
            }
        },
        "shot_type_rates": {
            "heave": {
                "success_rate": 0,
                "usage_rate": 0.00641025641025641,
                "assisted_rate": 0,
                "fouled_rate": 0,
                "blocked_rate": 0
            },
            "jumper": {
                "success_rate": 0.39593908629441626,
                "usage_rate": 0.6410256410256411,
                "assisted_rate": 0.21,
                "fouled_rate": 0.02,
                "blocked_rate": 0.01
            },
            "post": {
                "success_rate": 0,
                "usage_rate": 0,
                "assisted_rate": 0,
                "fouled_rate": 0,
                "blocked_rate": 0
            },
            "floater": {
                "success_rate": 0.5517241379310345,
                "usage_rate": 0.09615384615384616,
                "assisted_rate": 0.2,
                "fouled_rate": 0.06666666666666667,
                "blocked_rate": 0.03333333333333333
            },
            "layup": {
                "success_rate": 0.6268656716417911,
                "usage_rate": 0.2564102564102564,
                "assisted_rate": 0.225,
                "fouled_rate": 0.2125,
                "blocked_rate": 0.1625
            }
        },
        "complex_shot_type_rates": {
            "heave": {
                "success_rate": 0,
                "usage_rate": 0.00641025641025641,
                "assisted_rate": 0,
                "fouled_rate": 0,
                "blocked_rate": 0
            },
            "catchAndShoot": {
                "success_rate": 0.4444444444444444,
                "usage_rate": 0.11538461538461539,
                "assisted_rate": 0.4166666666666667,
                "fouled_rate": 0,
                "blocked_rate": 0
            },
            "catchAndShootRelocating": {
                "success_rate": 0.18181818181818182,
                "usage_rate": 0.07051282051282051,
                "assisted_rate": 0.18181818181818182,
                "fouled_rate": 0,
                "blocked_rate": 0
            },
            "catchAndShootOnMoveLeft": {
                "success_rate": 0,
                "usage_rate": 0,
                "assisted_rate": 0,
                "fouled_rate": 0,
                "blocked_rate": 0
            },
            "catchAndShootOnMoveRight": {
                "success_rate": 0,
                "usage_rate": 0,
                "assisted_rate": 0,
                "fouled_rate": 0,
                "blocked_rate": 0
            },
            "pullupJumper": {
                "success_rate": 0.45714285714285713,
                "usage_rate": 0.11858974358974358,
                "assisted_rate": 0.13513513513513514,
                "fouled_rate": 0.08108108108108109,
                "blocked_rate": 0
            },
            "stepback": {
                "success_rate": 0.36,
                "usage_rate": 0.24358974358974358,
                "assisted_rate": 0.14473684210526316,
                "fouled_rate": 0.013157894736842105,
                "blocked_rate": 0.02631578947368421
            },
            "shakeAndRaise": {
                "success_rate": 0.5454545454545454,
                "usage_rate": 0.035256410256410256,
                "assisted_rate": 0.2727272727272727,
                "fouled_rate": 0,
                "blocked_rate": 0
            },
            "overScreen": {
                "success_rate": 0.5,
                "usage_rate": 0.057692307692307696,
                "assisted_rate": 0.2222222222222222,
                "fouled_rate": 0,
                "blocked_rate": 0
            },
            "drivingFloater": {
                "success_rate": 0.5555555555555556,
                "usage_rate": 0.08974358974358974,
                "assisted_rate": 0.17857142857142858,
                "fouled_rate": 0.07142857142857142,
                "blocked_rate": 0.03571428571428571
            },
            "cutFloater": {
                "success_rate": 0.5,
                "usage_rate": 0.00641025641025641,
                "assisted_rate": 0.5,
                "fouled_rate": 0,
                "blocked_rate": 0
            },
            "postLeft": {
                "success_rate": 0,
                "usage_rate": 0,
                "assisted_rate": 0,
                "fouled_rate": 0,
                "blocked_rate": 0
            },
            "postRight": {
                "success_rate": 0,
                "usage_rate": 0,
                "assisted_rate": 0,
                "fouled_rate": 0,
                "blocked_rate": 0
            },
            "drivingLayup": {
                "success_rate": 0.5740740740740741,
                "usage_rate": 0.20833333333333334,
                "assisted_rate": 0.13846153846153847,
                "fouled_rate": 0.23076923076923078,
                "blocked_rate": 0.2
            },